tracking_id,entry_time,exit_time,total_duration_sec,category_showroom,zoneA_duration_sec,zoneB_duration_sec,zoneC_duration_sec
s1_12,2026-03-13 13:42:44,2026-03-13 13:42:46,2.33,bounce_off,0.0,0.0,0.0
s1_16,2026-03-13 13:42:45,2026-03-13 13:42:48,3.11,bounce_off,0.0,0.0,0.0
s1_8,2026-03-13 13:42:44,2026-03-13 13:42:49,4.59,bounce_off,2.98,0.0,0.0
s1_17,2026-03-13 13:42:45,2026-03-13 13:42:55,9.51,bounce_off,4.51,0.0,0.0
s1_10,2026-03-13 13:42:44,2026-03-13 13:43:00,15.55,bounce_off,14.3,0.0,0.0
s1_6,2026-03-13 13:42:44,2026-03-13 13:43:06,22.33,bounce_off,22.85,0.0,0.0
s1_21,2026-03-13 13:42:50,2026-03-13 13:43:13,22.95,bounce_off,19.06,0.0,0.0
s1_26,2026-03-13 13:43:13,2026-03-13 13:43:15,2.22,bounce_off,2.73,0.0,0.0
s1_25,2026-03-13 13:43:13,2026-03-13 13:43:17,3.85,bounce_off,0.75,0.0,0.0
s1_23,2026-03-13 13:43:00,2026-03-13 13:43:18,18.22,bounce_off,18.74,0.0,0.0
s1_9,2026-03-13 13:42:44,2026-03-13 13:43:22,38.24,engager,37.65,0.0,0.0
s1_29,2026-03-13 13:43:21,2026-03-13 13:43:25,4.7,bounce_off,3.96,0.0,0.0
s1_31,2026-03-13 13:43:25,2026-03-13 13:43:30,4.54,bounce_off,5.05,0.0,0.0
s1_28,2026-03-13 13:43:17,2026-03-13 13:43:41,23.81,bounce_off,24.33,0.0,0.0
s1_33,2026-03-13 13:43:40,2026-03-13 13:43:42,2.11,bounce_off,0.0,0.0,0.0
s1_14,2026-03-13 13:42:44,2026-03-13 13:43:43,58.79,engager,0.08,0.0,0.0
s1_30,2026-03-13 13:43:22,2026-03-13 13:43:46,23.45,bounce_off,4.97,0.0,0.0
s1_27,2026-03-13 13:43:15,2026-03-13 13:43:47,31.63,engager,32.13,0.0,0.0
s1_22,2026-03-13 13:42:55,2026-03-13 13:43:50,55.35,engager,0.0,0.0,0.0
s1_7,2026-03-13 13:42:44,2026-03-13 13:43:52,67.67,engager,61.57,0.0,0.0
s1_35,2026-03-13 13:43:50,2026-03-13 13:43:56,5.91,bounce_off,2.92,0.0,0.0
s1_42,2026-03-13 13:44:00,2026-03-13 13:44:05,4.49,bounce_off,0.0,0.0,0.0
s1_41,2026-03-13 13:43:59,2026-03-13 13:44:06,6.34,bounce_off,0.0,0.0,0.0
s1_44,2026-03-13 13:44:05,2026-03-13 13:44:09,3.71,bounce_off,0.0,0.0,0.0
s1_36,2026-03-13 13:43:52,2026-03-13 13:44:12,20.0,bounce_off,20.53,0.0,0.0
s1_13,2026-03-13 13:42:44,2026-03-13 13:44:16,91.58,engager,0.0,0.0,0.0
s1_32,2026-03-13 13:43:36,2026-03-13 13:44:18,41.92,engager,42.43,0.0,0.0
s1_39,2026-03-13 13:43:55,2026-03-13 13:44:19,24.04,bounce_off,0.0,0.0,0.0
s1_49,2026-03-13 13:44:22,2026-03-13 13:44:25,3.1,bounce_off,3.6,0.0,0.0
s1_11,2026-03-13 13:42:44,2026-03-13 13:44:26,102.38,engager,4.01,0.0,0.0
s1_45,2026-03-13 13:44:07,2026-03-13 13:44:27,20.07,bounce_off,10.73,0.0,0.0
s1_51,2026-03-13 13:44:25,2026-03-13 13:44:28,3.62,bounce_off,0.0,0.0,0.0
s1_59,2026-03-13 13:44:33,2026-03-13 13:44:38,4.4,bounce_off,2.15,0.0,0.0
s1_15,2026-03-13 13:42:44,2026-03-13 13:44:38,113.74,engager,65.63,0.0,0.0
s1_63,2026-03-13 13:44:39,2026-03-13 13:44:43,3.87,bounce_off,0.0,0.0,0.0
s1_66,2026-03-13 13:44:44,2026-03-13 13:44:48,4.08,bounce_off,0.0,0.0,0.0
s1_68,2026-03-13 13:44:48,2026-03-13 13:44:51,2.04,bounce_off,0.0,0.0,0.0
s1_69,2026-03-13 13:44:54,2026-03-13 13:44:57,3.13,bounce_off,3.63,0.0,0.0
s1_40,2026-03-13 13:43:56,2026-03-13 13:45:16,79.91,engager,60.29,0.0,0.0
s1_70,2026-03-13 13:44:58,2026-03-13 13:45:21,23.3,bounce_off,17.04,0.0,0.0
s1_75,2026-03-13 13:45:22,2026-03-13 13:45:25,3.06,bounce_off,0.84,0.0,0.0
s1_76,2026-03-13 13:45:22,2026-03-13 13:45:27,4.9,bounce_off,3.4,0.0,0.0
s1_37,2026-03-13 13:43:54,2026-03-13 13:45:27,93.03,engager,2.58,0.0,0.0
s1_47,2026-03-13 13:44:16,2026-03-13 13:45:28,71.88,engager,67.05,0.0,0.0
s1_77,2026-03-13 13:45:24,2026-03-13 13:45:30,6.46,bounce_off,0.0,0.0,0.0
s1_84,2026-03-13 13:45:31,2026-03-13 13:45:34,2.93,bounce_off,0.0,0.0,0.0
s1_80,2026-03-13 13:45:28,2026-03-13 13:45:35,7.69,bounce_off,2.46,0.0,0.0
s1_82,2026-03-13 13:45:30,2026-03-13 13:45:36,5.23,bounce_off,0.52,0.0,0.0
s1_88,2026-03-13 13:45:35,2026-03-13 13:45:38,2.84,bounce_off,0.0,0.0,0.0
s1_87,2026-03-13 13:45:34,2026-03-13 13:45:41,6.84,bounce_off,0.0,0.0,0.0
s1_89,2026-03-13 13:45:37,2026-03-13 13:45:43,5.35,bounce_off,0.0,0.0,0.0
s1_97,2026-03-13 13:45:49,2026-03-13 13:45:53,4.04,bounce_off,0.0,0.0,0.0
s1_95,2026-03-13 13:45:43,2026-03-13 13:45:53,10.67,bounce_off,6.3,0.0,0.0
s1_86,2026-03-13 13:45:32,2026-03-13 13:45:54,21.65,bounce_off,0.0,0.0,0.0
s1_100,2026-03-13 13:45:54,2026-03-13 13:46:01,6.7,bounce_off,0.0,0.0,0.0
s1_99,2026-03-13 13:45:53,2026-03-13 13:46:02,8.26,bounce_off,6.96,0.0,0.0
s1_104,2026-03-13 13:46:09,2026-03-13 13:46:20,10.76,bounce_off,0.0,0.0,0.0
s1_94,2026-03-13 13:45:41,2026-03-13 13:46:22,40.32,engager,38.39,0.0,0.0
s1_107,2026-03-13 13:46:24,2026-03-13 13:46:27,3.52,bounce_off,0.0,0.0,0.0
s1_105,2026-03-13 13:46:20,2026-03-13 13:46:28,8.92,bounce_off,0.0,0.0,0.0
s1_62,2026-03-13 13:44:38,2026-03-13 13:46:34,116.16,engager,111.19,0.0,0.0
s1_72,2026-03-13 13:45:17,2026-03-13 13:47:12,114.45,engager,24.7,0.0,0.0
s1_112,2026-03-13 13:46:52,2026-03-13 13:47:12,19.4,bounce_off,0.0,0.0,0.0
s1_93,2026-03-13 13:45:41,2026-03-13 13:47:19,98.04,engager,0.0,0.0,0.0
s1_118,2026-03-13 13:47:21,2026-03-13 13:47:23,2.16,bounce_off,0.0,0.0,0.0
s1_117,2026-03-13 13:47:19,2026-03-13 13:47:23,4.34,bounce_off,0.0,0.0,0.0
s1_114,2026-03-13 13:47:09,2026-03-13 13:47:31,22.29,bounce_off,0.0,0.0,0.0
s1_106,2026-03-13 13:46:22,2026-03-13 13:47:33,71.32,engager,68.17,0.0,0.0
s1_52,2026-03-13 13:44:27,2026-03-13 13:47:37,190.82,prospect,103.5,0.0,0.0
s1_121,2026-03-13 13:47:25,2026-03-13 13:47:42,16.41,bounce_off,0.0,0.0,0.0
s1_116,2026-03-13 13:47:12,2026-03-13 13:47:44,31.69,engager,6.79,0.0,0.0
s1_133,2026-03-13 13:47:37,2026-03-13 13:47:58,20.23,bounce_off,0.0,0.0,0.0
s1_139,2026-03-13 13:47:58,2026-03-13 13:48:03,5.41,bounce_off,0.0,0.0,0.0
s1_142,2026-03-13 13:48:03,2026-03-13 13:48:09,6.05,bounce_off,0.0,0.0,0.0
s1_145,2026-03-13 13:48:11,2026-03-13 13:48:19,7.82,bounce_off,0.0,0.0,0.0
s1_150,2026-03-13 13:48:20,2026-03-13 13:48:24,3.82,bounce_off,0.0,0.0,0.0
s1_126,2026-03-13 13:47:29,2026-03-13 13:48:30,61.84,engager,17.13,0.0,0.0
s1_158,2026-03-13 13:48:35,2026-03-13 13:48:42,7.15,bounce_off,0.25,0.0,0.0
s1_120,2026-03-13 13:47:24,2026-03-13 13:48:44,80.17,engager,71.57,0.0,0.0
s1_160,2026-03-13 13:48:36,2026-03-13 13:48:49,12.92,bounce_off,4.9,0.0,0.0
s1_153,2026-03-13 13:48:24,2026-03-13 13:48:50,26.24,bounce_off,0.0,0.0,0.0
s1_165,2026-03-13 13:48:52,2026-03-13 13:49:00,7.2,bounce_off,0.0,0.0,0.0
s1_164,2026-03-13 13:48:49,2026-03-13 13:49:00,10.7,bounce_off,6.61,0.0,0.0
s1_154,2026-03-13 13:48:28,2026-03-13 13:49:01,33.51,engager,13.85,0.0,0.0
s1_169,2026-03-13 13:49:01,2026-03-13 13:49:07,6.0,bounce_off,1.26,0.0,0.0
s1_168,2026-03-13 13:49:00,2026-03-13 13:49:14,14.66,bounce_off,0.0,0.0,0.0
s1_149,2026-03-13 13:48:24,2026-03-13 13:49:21,56.44,engager,0.0,0.0,0.0
s1_175,2026-03-13 13:49:17,2026-03-13 13:49:26,8.87,bounce_off,0.0,0.0,0.0
s1_111,2026-03-13 13:46:34,2026-03-13 13:49:27,173.32,prospect,125.76,0.0,0.0
s1_180,2026-03-13 13:49:28,2026-03-13 13:49:33,4.96,bounce_off,0.0,0.0,0.0
s1_184,2026-03-13 13:49:33,2026-03-13 13:49:38,5.4,bounce_off,0.0,0.0,0.0
s1_178,2026-03-13 13:49:27,2026-03-13 13:49:44,16.61,bounce_off,10.09,0.0,0.0
s1_182,2026-03-13 13:49:30,2026-03-13 13:49:44,14.5,bounce_off,0.0,0.0,0.0
s1_188,2026-03-13 13:49:49,2026-03-13 13:49:56,6.5,bounce_off,0.0,0.0,0.0
s1_187,2026-03-13 13:49:48,2026-03-13 13:49:57,9.3,bounce_off,0.0,0.0,0.0
s1_189,2026-03-13 13:49:50,2026-03-13 13:49:57,7.31,bounce_off,0.0,0.0,0.0
s1_192,2026-03-13 13:49:54,2026-03-13 13:49:57,3.57,bounce_off,0.0,0.0,0.0
s1_147,2026-03-13 13:48:16,2026-03-13 13:50:00,104.45,engager,15.9,0.0,0.0
s1_194,2026-03-13 13:49:56,2026-03-13 13:50:03,6.69,bounce_off,0.0,0.0,0.0
s1_196,2026-03-13 13:49:57,2026-03-13 13:50:03,5.46,bounce_off,0.0,0.0,0.0
s1_203,2026-03-13 13:50:03,2026-03-13 13:50:09,6.74,bounce_off,0.0,0.0,0.0
s1_205,2026-03-13 13:50:04,2026-03-13 13:50:09,5.56,bounce_off,0.0,0.0,0.0
s1_201,2026-03-13 13:50:02,2026-03-13 13:50:10,8.64,bounce_off,2.3,0.0,0.0
s1_197,2026-03-13 13:49:57,2026-03-13 13:50:13,15.25,bounce_off,0.0,0.0,0.0
s1_212,2026-03-13 13:50:14,2026-03-13 13:50:21,6.99,bounce_off,0.0,0.0,0.0
s1_208,2026-03-13 13:50:10,2026-03-13 13:50:23,13.17,bounce_off,0.0,0.0,0.0
s1_206,2026-03-13 13:50:08,2026-03-13 13:50:26,17.93,bounce_off,0.0,0.0,0.0
s1_217,2026-03-13 13:50:26,2026-03-13 13:50:34,8.11,bounce_off,0.0,0.0,0.0
s1_223,2026-03-13 13:50:38,2026-03-13 13:50:42,4.48,bounce_off,0.0,0.0,0.0
s1_224,2026-03-13 13:50:38,2026-03-13 13:50:48,9.47,bounce_off,0.0,0.0,0.0
s1_227,2026-03-13 13:50:41,2026-03-13 13:50:52,11.35,bounce_off,0.0,0.0,0.0
s1_230,2026-03-13 13:50:44,2026-03-13 13:50:58,14.41,bounce_off,9.45,0.0,0.0
s1_237,2026-03-13 13:51:00,2026-03-13 13:51:03,3.1,bounce_off,0.0,0.0,0.0
s1_209,2026-03-13 13:50:10,2026-03-13 13:51:24,73.92,engager,62.93,0.0,0.0
s1_199,2026-03-13 13:50:00,2026-03-13 13:51:27,87.54,engager,57.31,0.0,0.0
s1_252,2026-03-13 13:51:28,2026-03-13 13:51:30,2.01,bounce_off,0.0,0.0,0.0
s1_247,2026-03-13 13:51:24,2026-03-13 13:51:34,10.18,bounce_off,4.08,0.0,0.0
s1_257,2026-03-13 13:51:31,2026-03-13 13:51:35,4.54,bounce_off,0.0,0.0,0.0
s1_256,2026-03-13 13:51:30,2026-03-13 13:51:39,8.58,bounce_off,0.0,0.0,0.0
s1_254,2026-03-13 13:51:29,2026-03-13 13:51:39,10.41,bounce_off,0.0,0.0,0.0
s1_269,2026-03-13 13:51:49,2026-03-13 13:51:52,2.61,bounce_off,0.0,0.0,0.0
s1_266,2026-03-13 13:51:46,2026-03-13 13:51:52,5.84,bounce_off,0.0,0.0,0.0
s1_258,2026-03-13 13:51:33,2026-03-13 13:51:52,19.7,bounce_off,0.91,0.0,0.0
s1_264,2026-03-13 13:51:44,2026-03-13 13:51:53,9.49,bounce_off,0.43,0.0,0.0
s1_270,2026-03-13 13:51:52,2026-03-13 13:52:06,13.93,bounce_off,5.29,0.0,0.0
s1_277,2026-03-13 13:52:03,2026-03-13 13:52:06,2.49,bounce_off,1.55,0.0,0.0
s1_278,2026-03-13 13:52:04,2026-03-13 13:52:10,6.43,bounce_off,0.0,0.0,0.0
s1_268,2026-03-13 13:51:49,2026-03-13 13:52:16,26.53,bounce_off,0.0,0.0,0.0
s1_279,2026-03-13 13:52:06,2026-03-13 13:52:16,9.73,bounce_off,3.9,0.0,0.0
s1_282,2026-03-13 13:52:16,2026-03-13 13:52:20,4.3,bounce_off,4.82,0.0,0.0
s1_284,2026-03-13 13:52:19,2026-03-13 13:52:24,4.58,bounce_off,0.77,0.0,0.0
s1_239,2026-03-13 13:51:03,2026-03-13 13:52:32,89.04,engager,45.17,0.0,0.0
s1_286,2026-03-13 13:52:20,2026-03-13 13:52:39,18.46,bounce_off,10.98,0.0,0.0
s1_294,2026-03-13 13:52:36,2026-03-13 13:52:39,2.77,bounce_off,0.72,0.0,0.0
s1_295,2026-03-13 13:52:37,2026-03-13 13:52:41,3.72,bounce_off,4.24,0.0,0.0
s1_243,2026-03-13 13:51:14,2026-03-13 13:52:43,88.98,engager,85.5,0.0,0.0
s1_287,2026-03-13 13:52:24,2026-03-13 13:52:47,23.52,bounce_off,12.87,0.0,0.0
s1_302,2026-03-13 13:52:44,2026-03-13 13:52:49,4.47,bounce_off,0.0,0.0,0.0
s1_297,2026-03-13 13:52:39,2026-03-13 13:52:49,10.45,bounce_off,7.5,0.0,0.0
s1_304,2026-03-13 13:52:46,2026-03-13 13:52:49,3.15,bounce_off,0.0,0.0,0.0
s1_291,2026-03-13 13:52:31,2026-03-13 13:52:55,23.9,bounce_off,0.0,0.0,0.0
s1_305,2026-03-13 13:52:51,2026-03-13 13:53:02,10.52,bounce_off,0.0,0.0,0.0
s1_307,2026-03-13 13:52:58,2026-03-13 13:53:02,3.14,bounce_off,0.0,0.0,0.0
s2_9,2026-03-13 14:16:31,2026-03-13 14:16:37,5.77,bounce_off,0.0,0.0,0.0
s2_10,2026-03-13 14:16:31,2026-03-13 14:16:40,9.26,bounce_off,2.33,0.0,0.0
s2_7,2026-03-13 14:16:31,2026-03-13 14:16:52,20.8,bounce_off,0.0,0.0,0.0
s2_8,2026-03-13 14:16:31,2026-03-13 14:17:07,35.71,engager,32.11,0.0,0.0
s2_17,2026-03-13 14:17:03,2026-03-13 14:17:10,7.24,bounce_off,4.09,0.0,0.0
s2_14,2026-03-13 14:16:49,2026-03-13 14:17:12,22.86,bounce_off,5.55,0.0,0.0
s2_27,2026-03-13 14:17:17,2026-03-13 14:17:21,4.23,bounce_off,4.74,0.0,0.0
s2_26,2026-03-13 14:17:17,2026-03-13 14:17:21,4.31,bounce_off,0.56,0.0,0.0
s2_19,2026-03-13 14:17:09,2026-03-13 14:17:22,12.28,bounce_off,3.46,0.0,0.0
s2_21,2026-03-13 14:17:11,2026-03-13 14:17:22,10.87,bounce_off,0.56,0.0,0.0
s2_24,2026-03-13 14:17:15,2026-03-13 14:17:22,6.77,bounce_off,1.63,0.0,0.0
s2_25,2026-03-13 14:17:16,2026-03-13 14:17:23,7.06,bounce_off,0.0,0.0,0.0
s2_32,2026-03-13 14:17:24,2026-03-13 14:17:29,4.97,bounce_off,0.96,0.0,0.0
s2_34,2026-03-13 14:17:27,2026-03-13 14:17:35,8.26,bounce_off,1.4,0.0,0.0
s2_28,2026-03-13 14:17:20,2026-03-13 14:17:35,15.63,bounce_off,3.97,0.0,0.0
s2_31,2026-03-13 14:17:38,2026-03-13 14:17:42,3.43,bounce_off,0.0,0.0,0.0
s2_38,2026-03-13 14:17:40,2026-03-13 14:17:44,3.53,bounce_off,0.0,0.0,0.0
s2_39,2026-03-13 14:17:41,2026-03-13 14:17:44,2.57,bounce_off,0.0,0.0,0.0
s2_40,2026-03-13 14:17:42,2026-03-13 14:17:53,10.75,bounce_off,3.54,0.0,0.0
s2_44,2026-03-13 14:18:15,2026-03-13 14:18:20,5.28,bounce_off,1.58,0.0,0.0
s2_47,2026-03-13 14:18:20,2026-03-13 14:18:27,7.1,bounce_off,3.86,0.0,0.0
s2_45,2026-03-13 14:18:17,2026-03-13 14:18:34,17.14,bounce_off,11.3,0.0,0.0
s2_51,2026-03-13 14:18:47,2026-03-13 14:18:52,4.73,bounce_off,2.65,0.0,0.0
s2_55,2026-03-13 14:19:38,2026-03-13 14:19:48,9.56,bounce_off,1.68,0.0,0.0
s2_58,2026-03-13 14:19:47,2026-03-13 14:19:53,6.53,bounce_off,0.0,0.0,0.0
s2_61,2026-03-13 14:20:23,2026-03-13 14:20:32,8.16,bounce_off,2.55,0.0,0.0
s4_7,2026-03-13 15:28:31,2026-03-13 15:28:34,2.58,bounce_off,0.0,3.08,0.0
s4_9,2026-03-13 15:28:32,2026-03-13 15:28:38,6.5,bounce_off,0.0,4.34,2.99
s4_11,2026-03-13 15:28:34,2026-03-13 15:28:40,6.57,bounce_off,0.0,3.47,0.0
s4_19,2026-03-13 15:28:43,2026-03-13 15:28:47,3.65,bounce_off,0.0,0.0,0.0
s4_15,2026-03-13 15:28:39,2026-03-13 15:28:47,7.96,bounce_off,0.0,4.06,0.0
s4_18,2026-03-13 15:28:41,2026-03-13 15:28:47,6.55,bounce_off,0.0,4.7,0.0
s4_26,2026-03-13 15:28:48,2026-03-13 15:28:50,2.56,bounce_off,0.0,1.4,0.0
s4_20,2026-03-13 15:28:44,2026-03-13 15:28:51,7.03,bounce_off,0.0,1.35,0.0
s4_22,2026-03-13 15:28:45,2026-03-13 15:28:52,6.25,bounce_off,0.0,0.0,0.57
s4_24,2026-03-13 15:28:46,2026-03-13 15:28:53,6.98,bounce_off,0.0,0.0,0.65
s4_31,2026-03-13 15:28:52,2026-03-13 15:28:59,7.18,bounce_off,0.0,0.0,0.0
s4_33,2026-03-13 15:28:54,2026-03-13 15:29:01,6.89,bounce_off,0.0,7.36,1.37
s4_32,2026-03-13 15:28:53,2026-03-13 15:29:04,11.51,bounce_off,0.0,0.0,0.0
s4_38,2026-03-13 15:29:10,2026-03-13 15:29:12,2.0,bounce_off,0.0,0.0,0.0
